Workbook

Sheet Model
A1: Model Inputs (USD)
A3: Cost Assumptions | C3: Reasoning
A4: Fuel surcharge ($) | B4: 50 | C4: Applied for analysis. Can be changed to a per mile ($/mile) function if applical
A5: Indirect Costs($) | B5: 0
A6: Carrier accessorials ($) | B6: 0 | C6: All accessorials were applied in Lane_cost for simplicity as it can vary for each lane.
A7: Customer accessorials ($) | B7: 0 | C7: Ie nessesary permits, equipment, etc…
A9: Pricing Scenarios
A10: Customer Rate Change($) | B10: 10 | C10: Change
A11: Carrier Rate Change($) | B11: 0 | C11: Change

Sheet Lane_Cost_(SYNTHESIZED)
A1: Load# | B1: Date | C1: Orgin | D1: Destination | E1: Mode | F1: Miles | G1: Carrier Rate($) | H1: Customer Rate | I1: Carrier Accessorials ($) | J1: Customer Accessorials ($) | K1: Notes | L1: Customer Rate ADJ($) | M1: Carrier Rate ADJ ($) | N1: Fuel Cost ($) | O1: Indirect($) | P1: Total Cost($) | Q1: Revenue($) | R1: Margin($) | S1: Margin(%)
A2: L-001 | B2: 45669 | C2: Indianpolis,IN | D2: Tuscon,AZ | E2: FTL | F2: 1600 | G2: 3300 | H2: 3500 | I2: 45 | J2: 75 | L2: =(H2+J2) + Model!$B$10 -> 3585 | M2: =(G2+I2) + Model!$B$11 -> 3345 | N2: =Model!$B$4 -> 50 | O2: =Model!$B$5 -> 0 | P2: =M2+N2+O2 -> 3395 | Q2: =L2 -> 3585 | R2: =Q2-P2 -> 190 | S2: =IF(Q2=0,0,R2/Q2) -> 0.052998605
A3: L-002 | B3: 45831 | C3: Chicago, IL | D3: Indianpolis,IN | E3: FTL | F3: 180 | G3: 450 | H3: 600 | I3: 0 | J3: 0 | L3: =(H3+J3) + Model!$B$10 -> 610 | M3: =G3+I3 -> 450 | N3: =Model!$B$4 -> 50 | O3: =Model!$B$5 -> 0 | P3: =M3+N3+O3 -> 500 | Q3: =L3 -> 610 | R3: =Q3-P3 -> 110 | S3: =IF(Q3=0,0,R3/Q3) -> 0.18032787
A4: L-003 | B4: 45895 | C4: Indianpolis,IN | D4: Springfield,IL | E4: LTL | F4: 209 | G4: 128 | H4: 500 | I4: 20 | J4: 0 | L4: =(H4+J4) + Model!$B$10 -> 510 | M4: =G4+I4 -> 148 | N4: =Model!$B$4 -> 50 | O4: =Model!$B$5 -> 0 | P4: =M4+N4+O4 -> 198 | Q4: =L4 -> 510 | R4: =Q4-P4 -> 312 | S4: =IF(Q4=0,0,R4/Q4) -> 0.61176471
A5: L-004 | B5: 45933 | C5: Columbus,OH | D5: Baltimore,MD | E5: FTL | F5: 418 | G5: 950 | H5: 1500 | I5: 100 | J5: 35 | L5: =(H5+J5) + Model!$B$10 -> 1545 | M5: =G5+I5 -> 1050 | N5: =Model!$B$4 -> 50 | O5: =Model!$B$5 -> 0 | P5: =M5+N5+O5 -> 1100 | Q5: =L5 -> 1545 | R5: =Q5-P5 -> 445 | S5: =IF(Q5=0,0,R5/Q5) -> 0.28802589
A6: L-005 | B6: 45916 | C6: Houston,TX | D6: Indianpolis,IN | E6: Intermodal | F6: 1015 | G6: 1600 | H6: 2000 | I6: 0 | J6: 150 | L6: =(H6+J6) + Model!$B$10 -> 2160 | M6: =G6+I6 -> 1600 | N6: =Model!$B$4 -> 50 | O6: =Model!$B$5 -> 0 | P6: =M6+N6+O6 -> 1650 | Q6: =L6 -> 2160 | R6: =Q6-P6 -> 510 | S6: =IF(Q6=0,0,R6/Q6) -> 0.23611111
A7: L-006 | B7: 45847 | C7: NewOrleans,LA | D7: Indianpolis,IN | E7: FTL | F7: 819 | G7: 1775 | H7: 2000 | I7: 0 | J7: 0 | L7: =(H7+J7) + Model!$B$10 -> 2010 | M7: =G7+I7 -> 1775 | N7: =Model!$B$4 -> 50 | O7: =Model!$B$5 -> 0 | P7: =M7+N7+O7 -> 1825 | Q7: =L7 -> 2010 | R7: =Q7-P7 -> 185 | S7: =IF(Q7=0,0,R7/Q7) -> 0.092039801
A8: L-007 | B8: 45838 | C8: Kokomo,IN | D8: Lexington,KY | E8: FTL | F8: 234 | G8: 350 | H8: 800 | I8: 15 | J8: 0 | L8: =(H8+J8) + Model!$B$10 -> 810 | M8: =G8+I8 -> 365 | N8: =Model!$B$4 -> 50 | O8: =Model!$B$5 -> 0 | P8: =M8+N8+O8 -> 415 | Q8: =L8 -> 810 | R8: =Q8-P8 -> 395 | S8: =IF(Q8=0,0,R8/Q8) -> 0.48765432
A9: L-008 | B9: 45921 | C9: Indianpolis,IN | D9: Tampa,FL | E9: FTL | F9: 989 | G9: 2600 | H9: 3000 | I9: 0 | J9: 25 | L9: =(H9+J9) + Model!$B$10 -> 3035 | M9: =G9+I9 -> 2600 | N9: =Model!$B$4 -> 50 | O9: =Model!$B$5 -> 0 | P9: =M9+N9+O9 -> 2650 | Q9: =L9 -> 3035 | R9: =Q9-P9 -> 385 | S9: =IF(Q9=0,0,R9/Q9) -> 0.12685338
A10: L-009 | B10: 45975 | C10: Indianpolis,IN | D10: Greenbay,WI | E10: FTL | F10: 385 | G10: 1400 | H10: 2000 | I10: 0 | J10: 50 | L10: =(H10+J10) + Model!$B$10 -> 2060 | M10: =G10+I10 -> 1400 | N10: =Model!$B$4 -> 50 | O10: =Model!$B$5 -> 0 | P10: =M10+N10+O10 -> 1450 | Q10: =L10 -> 2060 | R10: =Q10-P10 -> 610 | S10: =IF(Q10=0,0,R10/Q10) -> 0.2961165
A11: L-010 | B11: 46008 | C11: Akron,OH | D11: Indianpolis,IN | E11: LTL | F11: 299 | G11: 500 | H11: 1000 | I11: 10 | J11: 75 | L11: =(H11+J11) + Model!$B$10 -> 1085 | M11: =G11+I11 -> 510 | N11: =Model!$B$4 -> 50 | O11: =Model!$B$5 -> 0 | P11: =M11+N11+O11 -> 560 | Q11: =L11 -> 1085 | R11: =Q11-P11 -> 525 | S11: =IF(Q11=0,0,R11/Q11) -> 0.48387097
P12: =SUM(P2:P11) -> 13743 | Q12: =SUM(Q2:Q11) -> 17410 | R12: =SUM(R2:R11) -> 3667 | S12: ='Lane_Cost_(SYNTHESIZED)'!F18 -> 0 | T12: Total

Sheet Summary(KPI)
A1: Summary KPIs
A3: Overall
A4: Total Loads | B4: =COUNTA('Lane_Cost_(SYNTHESIZED)'!A2:A11) -> 10
A5: Total Miles | B5: =SUM('Lane_Cost_(SYNTHESIZED)'!F2:F11) -> 6148
A6: Total Revenue ($) | B6: ='Lane_Cost_(SYNTHESIZED)'!Q12 -> 17410
A7: Total Cost ($) | B7: ='Lane_Cost_(SYNTHESIZED)'!P12 -> 13743
A8: Total Margin ($) | B8: ='Lane_Cost_(SYNTHESIZED)'!R12 -> 3667
A9: Margin % | B9: =IF(B6=0,0,B8/B6) -> 0.21062608
A11: By Mode
A12: Mode | B12: Loads | C12: Revenue ($) | D12: Cost ($) | E12: Margin %
A13: FTL | B13: =COUNTIF('Lane_Cost_(SYNTHESIZED)'!E2:E11,"FTL") -> 7 | C13: =SUMIFS('Lane_Cost_(SYNTHESIZED)'!Q2:Q11,'Lane_Cost_(SYNTHESIZED)'!E2:E11,"FTL") -> 13655 | D13: =SUMIFS('Lane_Cost_(SYNTHESIZED)'!P2:P11,'Lane_Cost_(SYNTHESIZED)'!E2:E11,"FTL") -> 11335 | E13: =IF(C13=0,0,(C13-D13)/C13) -> 0.16990114
A14: LTL | B14: =COUNTIF('Lane_Cost_(SYNTHESIZED)'!E2:E11,"LTL") -> 2 | C14: =SUMIFS('Lane_Cost_(SYNTHESIZED)'!Q3:Q12,'Lane_Cost_(SYNTHESIZED)'!E3:E12,"LTL") -> 1595 | D14: =SUMIFS('Lane_Cost_(SYNTHESIZED)'!P3:P12,'Lane_Cost_(SYNTHESIZED)'!E3:E12,"LTL") -> 758 | E14: =IF(C14=0,0,(C14-D14)/C14) -> 0.52476489
A15: Intermodal | B15: =COUNTIF([1]Lane_Cost_Model!E2:E1001,"Intermodal") -> #VALUE! | C15: =SUMIFS('Lane_Cost_(SYNTHESIZED)'!Q4:Q13,'Lane_Cost_(SYNTHESIZED)'!E4:E13,"Intermodal") -> 2160 | D15: =SUMIFS('Lane_Cost_(SYNTHESIZED)'!P4:P13,'Lane_Cost_(SYNTHESIZED)'!E4:E13,"Intermodal") -> 1650 | E15: =IF(C15=0,0,(C15-D15)/C15) -> 0.23611111
A16: Parcel | B16: =COUNTIF([1]Lane_Cost_Model!E2:E1001,"Parcel") -> #VALUE! | C16: =SUMIFS('Lane_Cost_(SYNTHESIZED)'!Q5:Q14,'Lane_Cost_(SYNTHESIZED)'!E5:E14,"Parcel") -> 0 | D16: =SUMIFS('Lane_Cost_(SYNTHESIZED)'!P5:P14,'Lane_Cost_(SYNTHESIZED)'!E5:E14,"Parcel") -> 0 | E16: =IF(C16=0,0,(C16-D16)/C16) -> 0
